Type,Original Name,Main Label,Combination,Offer Selling Price (INR),MRP,Meta Title,Meta Description,H1 Title,Short Description,Long Description,Impact Description,Focus Keyword,Top Keywords,URL Slug,Image Alt Text,Category,Tags,OG Title,OG Description,Visual Notes,Image Link,IMAGE LINKS 1,IMAGE LINKS 2,IMAGE LINKS 3
Single,Amethyst (High Grade),Amethyst,Pure Amethyst,750,1087.5,Amethyst Crystal Bracelet for Stress relief | Destini Numbers,"Shop Amethyst crystal bracelet designed for stress relief. Handcrafted, energetically cleansed and charged before dispatch from Lucknow, India. Ideal for daily wear, meditation and manifestation rituals.",Amethyst Crystal Bracelet,Powerful Amethyst bracelet to support stress relief in your daily life.,"This Amethyst crystal bracelet is crafted with carefully selected beads and elastic for comfortable daily wear. According to Vedic crystal wisdom, this stone is known to support stress relief, peace, and protection from addiction. when worn consistently on the left hand (receiving hand) or during meditation. Each bracelet is cleansed with incense and intention before shipping so you receive it energetically ready to wear.","Regular use of this Amethyst bracelet may help you experience subtle shifts in your emotional state, mindset and energy, making it easier to stay aligned with your goals related to stress relief. Pair it with affirmations or journaling for faster manifestation results.",Amethyst crystal bracelet,"amethyst bracelet, purple crystal, calming stones, Amethyst crystal bracelet, Amethyst bracelet india, crystals for stress relief, healing crystal bracelet, vedic crystal remedies",amethyst-crystal-bracelet,Amethyst crystal bracelet for stress relief from Destini Numbers,Crystal Bracelets,"Amethyst, crystal bracelet, healing crystals, manifestation, vedic remedies",Amethyst Crystal Bracelet for Stress relief | Destini Numbers,"Shop Amethyst crystal bracelet designed for stress relief. Handcrafted, energetically cleansed and charged before dispatch from Lucknow, India. Ideal for daily wear, meditation and manifestation rituals.",Deep purple translucent beads,https://photos.app.goo.gl/WxMfYgj1BVdsf6Ma8,https://ik.imagekit.io/astrology011/Good-luck-charm-bracelets/purple1.png?updatedAt=1778735202044,https://ik.imagekit.io/astrology011/Good-luck-charm-bracelets/purple.png?updatedAt=1778735202191,https://ik.imagekit.io/astrology011/Good-luck-charm-bracelets/Lapis%20Lazuli.png?updatedAt=1778740093992
Single,Black Tourmaline,Black Tourmaline,Pure Black Tourmaline,810,1174.5,Black Tourmaline Crystal Bracelet for Ultimate protection from negative energy and EMF | Destini Numbers,"Shop Black Tourmaline crystal bracelet designed for ultimate protection from negative energy and emf. Handcrafted, energetically cleansed and charged before dispatch from Lucknow, India. Ideal for daily wear, meditation and manifestation rituals.",Black Tourmaline Crystal Bracelet,Powerful Black Tourmaline bracelet to support ultimate protection from negative energy and emf in your daily life.,"This Black Tourmaline crystal bracelet is crafted with carefully selected beads and elastic for comfortable daily wear. According to Vedic crystal wisdom, this stone is known to support ultimate protection from negative energy and emf. when worn consistently on the left hand (receiving hand) or during meditation. Each bracelet is cleansed with incense and intention before shipping so you receive it energetically ready to wear.","Regular use of this Black Tourmaline bracelet may help you experience subtle shifts in your emotional state, mindset and energy, making it easier to stay aligned with your goals related to ultimate protection from negative energy and emf. Pair it with affirmations or journaling for faster manifestation results.",Black Tourmaline crystal bracelet,"negative energy removal, black tourmaline india, Black Tourmaline crystal bracelet, Black Tourmaline bracelet india, crystals for ultimate protection from negative energy and emf, healing crystal bracelet, vedic crystal remedies",black-tourmaline-crystal-bracelet,Black Tourmaline crystal bracelet for ultimate protection from negative energy and emf from Destini Numbers,Crystal Bracelets,"Black Tourmaline, crystal bracelet, healing crystals, manifestation, vedic remedies",Black Tourmaline Crystal Bracelet for Ultimate protection from negative energy and EMF | Destini Numbers,"Shop Black Tourmaline crystal bracelet designed for ultimate protection from negative energy and emf. Handcrafted, energetically cleansed and charged before dispatch from Lucknow, India. Ideal for daily wear, meditation and manifestation rituals.",Rough or polished jet black beads,https://photos.app.goo.gl/YB5dKSpY1szd9MCPA,https://ik.imagekit.io/astrology011/Good-luck-charm-bracelets/blacl%20turm.png,https://ik.imagekit.io/astrology011/Good-luck-charm-bracelets/blacl%20turm.png,https://ik.imagekit.io/astrology011/Good-luck-charm-bracelets/Black%20Tourmaline.png
Single,Rose Quartz,Rose Quartz,Pure Rose Quartz,620,899,Rose Quartz Crystal Bracelet for Attracts love | Destini Numbers,"Shop Rose Quartz crystal bracelet designed for attracts love. Handcrafted, energetically cleansed and charged before dispatch from Lucknow, India. Ideal for daily wear, meditation and manifestation rituals.",Rose Quartz Crystal Bracelet,Powerful Rose Quartz bracelet to support attracts love in your daily life.,"This Rose Quartz crystal bracelet is crafted with carefully selected beads and elastic for comfortable daily wear. According to Vedic crystal wisdom, this stone is known to support attracts love, self-care, and emotional healing. when worn consistently on the left hand (receiving hand) or during meditation. Each bracelet is cleansed with incense and intention before shipping so you receive it energetically ready to wear.","Regular use of this Rose Quartz bracelet may help you experience subtle shifts in your emotional state, mindset and energy, making it easier to stay aligned with your goals related to attracts love. Pair it with affirmations or journaling for faster manifestation results.",Rose Quartz crystal bracelet,"love stone, pink crystal, relationship bracelet, Rose Quartz crystal bracelet, Rose Quartz bracelet india, crystals for attracts love, healing crystal bracelet, vedic crystal remedies",rose-quartz-crystal-bracelet,Rose Quartz crystal bracelet for attracts love from Destini Numbers,Crystal Bracelets,"Rose Quartz, crystal bracelet, healing crystals, manifestation, vedic remedies",Rose Quartz Crystal Bracelet for Attracts love | Destini Numbers,"Shop Rose Quartz crystal bracelet designed for attracts love. Handcrafted, energetically cleansed and charged before dispatch from Lucknow, India. Ideal for daily wear, meditation and manifestation rituals.",Soft translucent pink beads,https://photos.app.goo.gl/R8i5AwnfbY48EwHr7,https://ik.imagekit.io/astrology011/Good-luck-charm-bracelets/Gemini_Generated_Image_qi9ggtqi9ggtqi9g.png?updatedAt=1778735202125,https://ik.imagekit.io/astrology011/Good-luck-charm-bracelets/Gemini_Generated_Image_g3j0sug3j0sug3j0.png?updatedAt=1778735202272,https://ik.imagekit.io/astrology011/Good-luck-charm-bracelets/Gemini_Generated_Image_ddyun9ddyun9ddyu.png
Single,Tiger’s Eye,Tiger’s Eye,Pure Tiger's Eye,690,1000.5,Tiger’s Eye Crystal Bracelet for Confidence | Destini Numbers,"Shop Tiger’s Eye crystal bracelet designed for confidence. Handcrafted, energetically cleansed and charged before dispatch from Lucknow, India. Ideal for daily wear, meditation and manifestation rituals.",Tiger’s Eye Crystal Bracelet,Powerful Tiger’s Eye bracelet to support confidence in your daily life.,"This Tiger’s Eye crystal bracelet is crafted with carefully selected beads and elastic for comfortable daily wear. According to Vedic crystal wisdom, this stone is known to support confidence, protection, and mental focus. when worn consistently on the left hand (receiving hand) or during meditation. Each bracelet is cleansed with incense and intention before shipping so you receive it energetically ready to wear.","Regular use of this Tiger’s Eye bracelet may help you experience subtle shifts in your emotional state, mindset and energy, making it easier to stay aligned with your goals related to confidence. Pair it with affirmations or journaling for faster manifestation results.",Tiger’s Eye crystal bracelet,"confidence bracelet, brown golden stone, Tiger’s Eye crystal bracelet, Tiger’s Eye bracelet india, crystals for confidence, healing crystal bracelet, vedic crystal remedies",tiger-s-eye-crystal-bracelet,Tiger’s Eye crystal bracelet for confidence from Destini Numbers,Crystal Bracelets,"Tiger’s Eye, crystal bracelet, healing crystals, manifestation, vedic remedies",Tiger’s Eye Crystal Bracelet for Confidence | Destini Numbers,"Shop Tiger’s Eye crystal bracelet designed for confidence. Handcrafted, energetically cleansed and charged before dispatch from Lucknow, India. Ideal for daily wear, meditation and manifestation rituals.",Shimmering golden-brown banded beads,https://photos.app.goo.gl/bFGn9aBcYugdamzY9,https://ik.imagekit.io/astrology011/Good-luck-charm-bracelets/BRACELET/tiger-eye.jpg?updatedAt=1778739039063,https://ik.imagekit.io/astrology011/Good-luck-charm-bracelets/BRACELET/1.5.jpg?updatedAt=1778735265874,https://ik.imagekit.io/astrology011/Good-luck-charm-bracelets/bracelet-tiger?updatedAt=1778739106365
Single,Green Aventurine,Green Aventurine,Pure Green Aventurine,660,957,Green Aventurine Crystal Bracelet for The 'Stone of Opportunity' for luck and wealth | Destini Numbers,"Shop Green Aventurine crystal bracelet designed for the 'stone of opportunity' for luck and wealth. Handcrafted, energetically cleansed and charged before dispatch from Lucknow, India. Ideal for daily wear, meditation and manifestation rituals.",Green Aventurine Crystal Bracelet,Powerful Green Aventurine bracelet to support the 'stone of opportunity' for luck and wealth in your daily life.,"This Green Aventurine crystal bracelet is crafted with carefully selected beads and elastic for comfortable daily wear. According to Vedic crystal wisdom, this stone is known to support the 'stone of opportunity' for luck and wealth. when worn consistently on the left hand (receiving hand) or during meditation. Each bracelet is cleansed with incense and intention before shipping so you receive it energetically ready to wear.","Regular use of this Green Aventurine bracelet may help you experience subtle shifts in your emotional state, mindset and energy, making it easier to stay aligned with your goals related to the 'stone of opportunity' for luck and wealth. Pair it with affirmations or journaling for faster manifestation results.",Green Aventurine crystal bracelet,"luck stone, wealth bracelet, green crystal, Green Aventurine crystal bracelet, Green Aventurine bracelet india, crystals for the 'stone of opportunity' for luck and wealth, healing crystal bracelet, vedic crystal remedies",green-aventurine-crystal-bracelet,Green Aventurine crystal bracelet for the 'stone of opportunity' for luck and wealth from Destini Numbers,Crystal Bracelets,"Green Aventurine, crystal bracelet, healing crystals, manifestation, vedic remedies",Green Aventurine Crystal Bracelet for The 'Stone of Opportunity' for luck and wealth | Destini Numbers,"Shop Green Aventurine crystal bracelet designed for the 'stone of opportunity' for luck and wealth. Handcrafted, energetically cleansed and charged before dispatch from Lucknow, India. Ideal for daily wear, meditation and manifestation rituals.",Matte or polished leafy green beads,https://photos.app.goo.gl/oCThjPvyUrNFk39C6,https://ik.imagekit.io/astrology011/Good-luck-charm-bracelets/Gemini_Generated_Image_rsew99rsew99rsew.png?updatedAt=1778735201915,https://ik.imagekit.io/astrology011/Good-luck-charm-bracelets/BRACELET/2.2.jpg?updatedAt=1778735265873,https://ik.imagekit.io/astrology011/Good-luck-charm-bracelets/BRACELET/2.1.jpg?updatedAt=1778735265760
Single,Pyrite (Fool's Gold),Pyrite,Pure Pyrite,1060,1537,Pyrite Crystal Bracelet for A powerful money magnet and shield against negativity | Destini Numbers,"Shop Pyrite crystal bracelet designed for a powerful money magnet and shield against negativity. Handcrafted, energetically cleansed and charged before dispatch from Lucknow, India. Ideal for daily wear, meditation and manifestation rituals.",Pyrite Crystal Bracelet,Powerful Pyrite bracelet to support a powerful money magnet and shield against negativity in your daily life.,"This Pyrite crystal bracelet is crafted with carefully selected beads and elastic for comfortable daily wear. According to Vedic crystal wisdom, this stone is known to support a powerful money magnet and shield against negativity. when worn consistently on the left hand (receiving hand) or during meditation. Each bracelet is cleansed with incense and intention before shipping so you receive it energetically ready to wear.","Regular use of this Pyrite bracelet may help you experience subtle shifts in your emotional state, mindset and energy, making it easier to stay aligned with your goals related to a powerful money magnet and shield against negativity. Pair it with affirmations or journaling for faster manifestation results.",Pyrite crystal bracelet,"money magnet, pyrite bracelet india, Pyrite crystal bracelet, Pyrite bracelet india, crystals for a powerful money magnet and shield against negativity, healing crystal bracelet, vedic crystal remedies",pyrite-crystal-bracelet,Pyrite crystal bracelet for a powerful money magnet and shield against negativity from Destini Numbers,Crystal Bracelets,"Pyrite, crystal bracelet, healing crystals, manifestation, vedic remedies",Pyrite Crystal Bracelet for A powerful money magnet and shield against negativity | Destini Numbers,"Shop Pyrite crystal bracelet designed for a powerful money magnet and shield against negativity. Handcrafted, energetically cleansed and charged before dispatch from Lucknow, India. Ideal for daily wear, meditation and manifestation rituals.",Metallic brassy gold luster beads,https://photos.app.goo.gl/htCWa2FpA8wMaYLq5,https://ik.imagekit.io/astrology011/Good-luck-charm-bracelets/BRACELET/2.4.jpg?updatedAt=1778735265826,https://ik.imagekit.io/astrology011/Good-luck-charm-bracelets/BRACELET/2.3.jpg?updatedAt=1778735265872,https://ik.imagekit.io/astrology011/Good-luck-charm-bracelets/BRACELET/3.0.jpg?updatedAt=1778741030287
Single,Clear Quartz,Clear Quartz,Pure Clear Quartz,620,899,Clear Quartz Crystal Bracelet for The master healer; amplifies energy and clarity | Destini Numbers,"Shop Clear Quartz crystal bracelet designed for the master healer; amplifies energy and clarity. Handcrafted, energetically cleansed and charged before dispatch from Lucknow, India. Ideal for daily wear, meditation and manifestation rituals.",Clear Quartz Crystal Bracelet,Powerful Clear Quartz bracelet to support the master healer; amplifies energy and clarity in your daily life.,"This Clear Quartz crystal bracelet is crafted with carefully selected beads and elastic for comfortable daily wear. According to Vedic crystal wisdom, this stone is known to support the master healer; amplifies energy and clarity. when worn consistently on the left hand (receiving hand) or during meditation. Each bracelet is cleansed with incense and intention before shipping so you receive it energetically ready to wear.","Regular use of this Clear Quartz bracelet may help you experience subtle shifts in your emotional state, mindset and energy, making it easier to stay aligned with your goals related to the master healer; amplifies energy and clarity. Pair it with affirmations or journaling for faster manifestation results.",Clear Quartz crystal bracelet,"healing crystals, clear quartz bracelet, Clear Quartz crystal bracelet, Clear Quartz bracelet india, crystals for the master healer; amplifies energy and clarity, healing crystal bracelet, vedic crystal remedies",clear-quartz-crystal-bracelet,Clear Quartz crystal bracelet for the master healer; amplifies energy and clarity from Destini Numbers,Crystal Bracelets,"Clear Quartz, crystal bracelet, healing crystals, manifestation, vedic remedies",Clear Quartz Crystal Bracelet for The master healer; amplifies energy and clarity | Destini Numbers,"Shop Clear Quartz crystal bracelet designed for the master healer; amplifies energy and clarity. Handcrafted, energetically cleansed and charged before dispatch from Lucknow, India. Ideal for daily wear, meditation and manifestation rituals.",Transparent ice-like glass beads,https://photos.app.goo.gl/NxR8yTpdbrTRfz9N6,https://ik.imagekit.io/astrology011/Good-luck-charm-bracelets/white-beads.jpg?updatedAt=1778735188725,https://ik.imagekit.io/astrology011/Good-luck-charm-bracelets/Gemini_Generated_Image_7ufje77ufje77ufj.png?updatedAt=1778735202061,https://ik.imagekit.io/astrology011/Good-luck-charm-bracelets/Clear%20Quartz.png
Single,Citrine,Citrine,Pure Heat-Treated Citrine,870,1261.5,Citrine Crystal Bracelet for Success | Destini Numbers,"Shop Citrine crystal bracelet designed for success. Handcrafted, energetically cleansed and charged before dispatch from Lucknow, India. Ideal for daily wear, meditation and manifestation rituals.",Citrine Crystal Bracelet,Powerful Citrine bracelet to support success in your daily life.,"This Citrine crystal bracelet is crafted with carefully selected beads and elastic for comfortable daily wear. According to Vedic crystal wisdom, this stone is known to support success, joy, and abundance for business owners. when worn consistently on the left hand (receiving hand) or during meditation. Each bracelet is cleansed with incense and intention before shipping so you receive it energetically ready to wear.","Regular use of this Citrine bracelet may help you experience subtle shifts in your emotional state, mindset and energy, making it easier to stay aligned with your goals related to success. Pair it with affirmations or journaling for faster manifestation results.",Citrine crystal bracelet,"success stone, yellow crystal, citrine bracelet, Citrine crystal bracelet, Citrine bracelet india, crystals for success, healing crystal bracelet, vedic crystal remedies",citrine-crystal-bracelet,Citrine crystal bracelet for success from Destini Numbers,Crystal Bracelets,"Citrine, crystal bracelet, healing crystals, manifestation, vedic remedies",Citrine Crystal Bracelet for Success | Destini Numbers,"Shop Citrine crystal bracelet designed for success. Handcrafted, energetically cleansed and charged before dispatch from Lucknow, India. Ideal for daily wear, meditation and manifestation rituals.",Bright sunny yellow/orange beads,https://photos.app.goo.gl/qrvYXHJeVRKgE9px5,https://ik.imagekit.io/astrology011/Good-luck-charm-bracelets/Citrine.png,https://ik.imagekit.io/astrology011/Good-luck-charm-bracelets/BRACELET/1.5.jpg?updatedAt=1778735265874,https://ik.imagekit.io/astrology011/Good-luck-charm-bracelets/BRACELET/2.3.jpg?updatedAt=1778739214323
Single,Selenite,Selenite,Pure Selenite,780,1131,Selenite Crystal Bracelet for Cleanses the aura and other crystals; brings mental clarity | Destini Numbers,"Shop Selenite crystal bracelet designed for cleanses the aura and other crystals; brings mental clarity. Handcrafted, energetically cleansed and charged before dispatch from Lucknow, India. Ideal for daily wear, meditation and manifestation rituals.",Selenite Crystal Bracelet,Powerful Selenite bracelet to support cleanses the aura and other crystals; brings mental clarity in your daily life.,"This Selenite crystal bracelet is crafted with carefully selected beads and elastic for comfortable daily wear. According to Vedic crystal wisdom, this stone is known to support cleanses the aura and other crystals; brings mental clarity. when worn consistently on the left hand (receiving hand) or during meditation. Each bracelet is cleansed with incense and intention before shipping so you receive it energetically ready to wear.","Regular use of this Selenite bracelet may help you experience subtle shifts in your emotional state, mindset and energy, making it easier to stay aligned with your goals related to cleanses the aura and other crystals; brings mental clarity. Pair it with affirmations or journaling for faster manifestation results.",Selenite crystal bracelet,"cleansing stone, selenite jewelry, white crystal, Selenite crystal bracelet, Selenite bracelet india, crystals for cleanses the aura and other crystals; brings mental clarity, healing crystal bracelet, vedic crystal remedies",selenite-crystal-bracelet,Selenite crystal bracelet for cleanses the aura and other crystals; brings mental clarity from Destini Numbers,Crystal Bracelets,"Selenite, crystal bracelet, healing crystals, manifestation, vedic remedies",Selenite Crystal Bracelet for Cleanses the aura and other crystals; brings mental clarity | Destini Numbers,"Shop Selenite crystal bracelet designed for cleanses the aura and other crystals; brings mental clarity. Handcrafted, energetically cleansed and charged before dispatch from Lucknow, India. Ideal for daily wear, meditation and manifestation rituals.",Opaque silky white with fiber-like sheen,https://photos.app.goo.gl/9Drw9GXwb3c6B9pPA,https://ik.imagekit.io/astrology011/Good-luck-charm-bracelets/BRACELET/1.7.jpg?updatedAt=1778735265794,https://ik.imagekit.io/astrology011/Good-luck-charm-bracelets/BRACELET/1.6.jpg?updatedAt=1778735265792,https://ik.imagekit.io/astrology011/Good-luck-charm-bracelets/Gemini_Generated_Image_7vxo4i7vxo4i7vxo.png?updatedAt=1778739442279
Single,Lapis Lazuli,Lapis Lazuli,Pure Lapis Lazuli,940,1363,Lapis Lazuli Crystal Bracelet for Third eye activation | Destini Numbers,"Shop Lapis Lazuli crystal bracelet designed for third eye activation. Handcrafted, energetically cleansed and charged before dispatch from Lucknow, India. Ideal for daily wear, meditation and manifestation rituals.",Lapis Lazuli Crystal Bracelet,Powerful Lapis Lazuli bracelet to support third eye activation in your daily life.,"This Lapis Lazuli crystal bracelet is crafted with carefully selected beads and elastic for comfortable daily wear. According to Vedic crystal wisdom, this stone is known to support third eye activation, wisdom, and truth. when worn consistently on the left hand (receiving hand) or during meditation. Each bracelet is cleansed with incense and intention before shipping so you receive it energetically ready to wear.","Regular use of this Lapis Lazuli bracelet may help you experience subtle shifts in your emotional state, mindset and energy, making it easier to stay aligned with your goals related to third eye activation. Pair it with affirmations or journaling for faster manifestation results.",Lapis Lazuli crystal bracelet,"wisdom stone, blue crystal bracelet, lapis lazuli, Lapis Lazuli crystal bracelet, Lapis Lazuli bracelet india, crystals for third eye activation, healing crystal bracelet, vedic crystal remedies",lapis-lazuli-crystal-bracelet,Lapis Lazuli crystal bracelet for third eye activation from Destini Numbers,Crystal Bracelets,"Lapis Lazuli, crystal bracelet, healing crystals, manifestation, vedic remedies",Lapis Lazuli Crystal Bracelet for Third eye activation | Destini Numbers,"Shop Lapis Lazuli crystal bracelet designed for third eye activation. Handcrafted, energetically cleansed and charged before dispatch from Lucknow, India. Ideal for daily wear, meditation and manifestation rituals.",Royal blue with golden pyrite speckles,https://photos.app.goo.gl/dMSUdd9X4inQoE2z6,https://ik.imagekit.io/astrology011/Good-luck-charm-bracelets/BRACELET/1.8.jpg?updatedAt=1778739740898,https://ik.imagekit.io/astrology011/Good-luck-charm-bracelets/BRACELET/1.1.jpg?updatedAt=1778739740915,https://ik.imagekit.io/astrology011/Good-luck-charm-bracelets/Lapis%20Lazuli.png
Combo,Wealth Duo,Wealth Duo,Green Aventurine + Clear Quartz,870,1261.5,Wealth Duo Crystal Bracelet for Clear Quartz amplifies the luck-attracting properties of Aventurine | Destini Numbers,"Shop Wealth Duo crystal bracelet designed for clear quartz amplifies the luck-attracting properties of aventurine. Handcrafted, energetically cleansed and charged before dispatch from Lucknow, India. Ideal for daily wear, meditation and manifestation rituals.",Wealth Duo Crystal Bracelet,Powerful Wealth Duo bracelet to support clear quartz amplifies the luck-attracting properties of aventurine in your daily life.,"This Wealth Duo crystal bracelet is crafted with carefully selected beads and elastic for comfortable daily wear. According to Vedic crystal wisdom, this stone is known to support clear quartz amplifies the luck-attracting properties of aventurine. when worn consistently on the left hand (receiving hand) or during meditation. Each bracelet is cleansed with incense and intention before shipping so you receive it energetically ready to wear.","Regular use of this Wealth Duo bracelet may help you experience subtle shifts in your emotional state, mindset and energy, making it easier to stay aligned with your goals related to clear quartz amplifies the luck-attracting properties of aventurine. Pair it with affirmations or journaling for faster manifestation results.",Wealth Duo crystal bracelet,"wealth luck combo, green aventurine clear quartz, Wealth Duo crystal bracelet, Wealth Duo bracelet india, crystals for clear quartz amplifies the luck-attracting properties of aventurine, healing crystal bracelet, vedic crystal remedies",wealth-duo-crystal-bracelet,Wealth Duo crystal bracelet for clear quartz amplifies the luck-attracting properties of aventurine from Destini Numbers,Crystal Bracelets,"Wealth Duo, crystal bracelet, healing crystals, manifestation, vedic remedies",Wealth Duo Crystal Bracelet for Clear Quartz amplifies the luck-attracting properties of Aventurine | Destini Numbers,"Shop Wealth Duo crystal bracelet designed for clear quartz amplifies the luck-attracting properties of aventurine. Handcrafted, energetically cleansed and charged before dispatch from Lucknow, India. Ideal for daily wear, meditation and manifestation rituals.",Alternating green and transparent beads,https://photos.app.goo.gl/jqB238ygssNSwyuy8,https://ik.imagekit.io/astrology011/Good-luck-charm-bracelets/BRACELET/2.1.jpg?updatedAt=1778739740897,https://ik.imagekit.io/astrology011/Good-luck-charm-bracelets/Wealth%20Duo.png,https://ik.imagekit.io/astrology011/Good-luck-charm-bracelets/Gemini_Generated_Image_cji7gcji7gcji7gc.png
Combo,Success & Spirituality,Success & Spirituality,Citrine + Rudraksha,1000,1450,Success & Spirituality Crystal Bracelet for Combines spiritual grounding of Rudraksha with Citrine's abundance | Destini Numbers,"Shop Success & Spirituality crystal bracelet designed for combines spiritual grounding of rudraksha with citrine's abundance. Handcrafted, energetically cleansed and charged before dispatch from Lucknow, India. Ideal for daily wear, meditation and manifestation rituals.",Success & Spirituality Crystal Bracelet,Powerful Success & Spirituality bracelet to support combines spiritual grounding of rudraksha with citrine's abundance in your daily life.,"This Success & Spirituality crystal bracelet is crafted with carefully selected beads and elastic for comfortable daily wear. According to Vedic crystal wisdom, this stone is known to support combines spiritual grounding of rudraksha with citrine's abundance. when worn consistently on the left hand (receiving hand) or during meditation. Each bracelet is cleansed with incense and intention before shipping so you receive it energetically ready to wear.","Regular use of this Success & Spirituality bracelet may help you experience subtle shifts in your emotional state, mindset and energy, making it easier to stay aligned with your goals related to combines spiritual grounding of rudraksha with citrine's abundance. Pair it with affirmations or journaling for faster manifestation results.",Success & Spirituality crystal bracelet,"citrine rudraksha combo, success bracelet, Success & Spirituality crystal bracelet, Success & Spirituality bracelet india, crystals for combines spiritual grounding of rudraksha with citrine's abundance, healing crystal bracelet, vedic crystal remedies",success-spirituality-crystal-bracelet,Success & Spirituality crystal bracelet for combines spiritual grounding of rudraksha with citrine's abundance from Destini Numbers,Crystal Bracelets,"Success & Spirituality, crystal bracelet, healing crystals, manifestation, vedic remedies",Success & Spirituality Crystal Bracelet for Combines spiritual grounding of Rudraksha with Citrine's abundance | Destini Numbers,"Shop Success & Spirituality crystal bracelet designed for combines spiritual grounding of rudraksha with citrine's abundance. Handcrafted, energetically cleansed and charged before dispatch from Lucknow, India. Ideal for daily wear, meditation and manifestation rituals.",Yellow citrine beads with brown 5-mukhi rudraksha,https://photos.app.goo.gl/w8hUq1qvJWV4xQ5B8,https://ik.imagekit.io/astrology011/Good-luck-charm-bracelets/Success%20&%20Spirituality.png,https://ik.imagekit.io/astrology011/Good-luck-charm-bracelets/Gemini_Generated_Image_j5srjyj5srjyj5sr.png?updatedAt=1778739442248,https://ik.imagekit.io/astrology011/Good-luck-charm-bracelets/BRACELET/2.3.jpg?updatedAt=1778739740879
Combo,Self-Love Trio,Self-Love Trio,Rose Quartz + Amethyst + Clear Quartz,940,1363,Self-Love Trio Crystal Bracelet for Promotes inner peace | Destini Numbers,"Shop Self-Love Trio crystal bracelet designed for promotes inner peace. Handcrafted, energetically cleansed and charged before dispatch from Lucknow, India. Ideal for daily wear, meditation and manifestation rituals.",Self-Love Trio Crystal Bracelet,Powerful Self-Love Trio bracelet to support promotes inner peace in your daily life.,"This Self-Love Trio crystal bracelet is crafted with carefully selected beads and elastic for comfortable daily wear. According to Vedic crystal wisdom, this stone is known to support promotes inner peace, self-love, and emotional balance. when worn consistently on the left hand (receiving hand) or during meditation. Each bracelet is cleansed with incense and intention before shipping so you receive it energetically ready to wear.","Regular use of this Self-Love Trio bracelet may help you experience subtle shifts in your emotional state, mindset and energy, making it easier to stay aligned with your goals related to promotes inner peace. Pair it with affirmations or journaling for faster manifestation results.",Self-Love Trio crystal bracelet,"love and peace bracelet, rose quartz combo, Self-Love Trio crystal bracelet, Self-Love Trio bracelet india, crystals for promotes inner peace, healing crystal bracelet, vedic crystal remedies",self-love-trio-crystal-bracelet,Self-Love Trio crystal bracelet for promotes inner peace from Destini Numbers,Crystal Bracelets,"Self-Love Trio, crystal bracelet, healing crystals, manifestation, vedic remedies",Self-Love Trio Crystal Bracelet for Promotes inner peace | Destini Numbers,"Shop Self-Love Trio crystal bracelet designed for promotes inner peace. Handcrafted, energetically cleansed and charged before dispatch from Lucknow, India. Ideal for daily wear, meditation and manifestation rituals.","Pink, purple, and clear beads in sequence",https://photos.app.goo.gl/Nh2uKWvNzTKkYGeD8,https://ik.imagekit.io/astrology011/Good-luck-charm-bracelets/BRACELET/3.2.jpg?updatedAt=1778739740899,https://ik.imagekit.io/astrology011/Good-luck-charm-bracelets/BRACELET/2.5.jpg?updatedAt=1778739740914,https://ik.imagekit.io/astrology011/Good-luck-charm-bracelets/BRACELET/2.6.jpg?updatedAt=1778739740902
Combo,The Protective Shield,The Protective Shield,Black Tourmaline + Selenite,1030,1493.5,The Protective Shield Crystal Bracelet for Tourmaline blocks negativity while Selenite keeps your energy pure | Destini Numbers,"Shop The Protective Shield crystal bracelet designed for tourmaline blocks negativity while selenite keeps your energy pure. Handcrafted, energetically cleansed and charged before dispatch from Lucknow, India. Ideal for daily wear, meditation and manifestation rituals.",The Protective Shield Crystal Bracelet,Powerful The Protective Shield bracelet to support tourmaline blocks negativity while selenite keeps your energy pure in your daily life.,"This The Protective Shield crystal bracelet is crafted with carefully selected beads and elastic for comfortable daily wear. According to Vedic crystal wisdom, this stone is known to support tourmaline blocks negativity while selenite keeps your energy pure. when worn consistently on the left hand (receiving hand) or during meditation. Each bracelet is cleansed with incense and intention before shipping so you receive it energetically ready to wear.","Regular use of this The Protective Shield bracelet may help you experience subtle shifts in your emotional state, mindset and energy, making it easier to stay aligned with your goals related to tourmaline blocks negativity while selenite keeps your energy pure. Pair it with affirmations or journaling for faster manifestation results.",The Protective Shield crystal bracelet,"protection combo, negative energy shield, The Protective Shield crystal bracelet, The Protective Shield bracelet india, crystals for tourmaline blocks negativity while selenite keeps your energy pure, healing crystal bracelet, vedic crystal remedies",the-protective-shield-crystal-bracelet,The Protective Shield crystal bracelet for tourmaline blocks negativity while selenite keeps your energy pure from Destini Numbers,Crystal Bracelets,"The Protective Shield, crystal bracelet, healing crystals, manifestation, vedic remedies",The Protective Shield Crystal Bracelet for Tourmaline blocks negativity while Selenite keeps your energy pure | Destini Numbers,"Shop The Protective Shield crystal bracelet designed for tourmaline blocks negativity while selenite keeps your energy pure. Handcrafted, energetically cleansed and charged before dispatch from Lucknow, India. Ideal for daily wear, meditation and manifestation rituals.",Bold black and snowy white beads contrast,https://photos.app.goo.gl/XVki7mXp4diP27RZ9,https://ik.imagekit.io/astrology011/Good-luck-charm-bracelets/BRACELET/2.7.jpg?updatedAt=1778739740903,https://ik.imagekit.io/astrology011/Good-luck-charm-bracelets/BRACELET/2.8.jpg?updatedAt=1778739740903,https://ik.imagekit.io/astrology011/Good-luck-charm-bracelets/Gemini_Generated_Image_tfp8l0tfp8l0tfp8.png?updatedAt=1778739442250
Combo,Focus & Career,Focus & Career,Tiger’s Eye + Pyrite,1120,1624,Focus & Career Crystal Bracelet for Confidence of Tiger's Eye mixed with the money magnet Pyrite | Destini Numbers,"Shop Focus & Career crystal bracelet designed for confidence of tiger's eye mixed with the money magnet pyrite. Handcrafted, energetically cleansed and charged before dispatch from Lucknow, India. Ideal for daily wear, meditation and manifestation rituals.",Focus & Career Crystal Bracelet,Powerful Focus & Career bracelet to support confidence of tiger's eye mixed with the money magnet pyrite in your daily life.,"This Focus & Career crystal bracelet is crafted with carefully selected beads and elastic for comfortable daily wear. According to Vedic crystal wisdom, this stone is known to support confidence of tiger's eye mixed with the money magnet pyrite. when worn consistently on the left hand (receiving hand) or during meditation. Each bracelet is cleansed with incense and intention before shipping so you receive it energetically ready to wear.","Regular use of this Focus & Career bracelet may help you experience subtle shifts in your emotional state, mindset and energy, making it easier to stay aligned with your goals related to confidence of tiger's eye mixed with the money magnet pyrite. Pair it with affirmations or journaling for faster manifestation results.",Focus & Career crystal bracelet,"career growth combo, pyrite tiger eye, Focus & Career crystal bracelet, Focus & Career bracelet india, crystals for confidence of tiger's eye mixed with the money magnet pyrite, healing crystal bracelet, vedic crystal remedies",focus-career-crystal-bracelet,Focus & Career crystal bracelet for confidence of tiger's eye mixed with the money magnet pyrite from Destini Numbers,Crystal Bracelets,"Focus & Career, crystal bracelet, healing crystals, manifestation, vedic remedies",Focus & Career Crystal Bracelet for Confidence of Tiger's Eye mixed with the money magnet Pyrite | Destini Numbers,"Shop Focus & Career crystal bracelet designed for confidence of tiger's eye mixed with the money magnet pyrite. Handcrafted, energetically cleansed and charged before dispatch from Lucknow, India. Ideal for daily wear, meditation and manifestation rituals.",Metallic gold and shimmering brown beads,https://photos.app.goo.gl/nZk6pBVHsHLNxG8B9,https://ik.imagekit.io/astrology011/Good-luck-charm-bracelets/BRACELET/2.9.jpg?updatedAt=1778739740878,https://ik.imagekit.io/astrology011/Good-luck-charm-bracelets/BRACELET/Gemini_Generated_Image_aer2v2aer2v2aer2.png,https://ik.imagekit.io/astrology011/Good-luck-charm-bracelets/Gemini_Generated_Image_vrt8m5vrt8m5vrt8.png?updatedAt=1778739442278
Combo,Anti-Anxiety Calm,Anti-Anxiety Calm,Amethyst + Howlite,810,1174.5,Anti-Anxiety Calm Crystal Bracelet for Amethyst calms the mind while Howlite reduces anger and impatience | Destini Numbers,"Shop Anti-Anxiety Calm crystal bracelet designed for amethyst calms the mind while howlite reduces anger and impatience. Handcrafted, energetically cleansed and charged before dispatch from Lucknow, India. Ideal for daily wear, meditation and manifestation rituals.",Anti-Anxiety Calm Crystal Bracelet,Powerful Anti-Anxiety Calm bracelet to support amethyst calms the mind while howlite reduces anger and impatience in your daily life.,"This Anti-Anxiety Calm crystal bracelet is crafted with carefully selected beads and elastic for comfortable daily wear. According to Vedic crystal wisdom, this stone is known to support amethyst calms the mind while howlite reduces anger and impatience. when worn consistently on the left hand (receiving hand) or during meditation. Each bracelet is cleansed with incense and intention before shipping so you receive it energetically ready to wear.","Regular use of this Anti-Anxiety Calm bracelet may help you experience subtle shifts in your emotional state, mindset and energy, making it easier to stay aligned with your goals related to amethyst calms the mind while howlite reduces anger and impatience. Pair it with affirmations or journaling for faster manifestation results.",Anti-Anxiety Calm crystal bracelet,"stress relief combo, calming bracelet, Anti-Anxiety Calm crystal bracelet, Anti-Anxiety Calm bracelet india, crystals for amethyst calms the mind while howlite reduces anger and impatience, healing crystal bracelet, vedic crystal remedies",anti-anxiety-calm-crystal-bracelet,Anti-Anxiety Calm crystal bracelet for amethyst calms the mind while howlite reduces anger and impatience from Destini Numbers,Crystal Bracelets,"Anti-Anxiety Calm, crystal bracelet, healing crystals, manifestation, vedic remedies",Anti-Anxiety Calm Crystal Bracelet for Amethyst calms the mind while Howlite reduces anger and impatience | Destini Numbers,"Shop Anti-Anxiety Calm crystal bracelet designed for amethyst calms the mind while howlite reduces anger and impatience. Handcrafted, energetically cleansed and charged before dispatch from Lucknow, India. Ideal for daily wear, meditation and manifestation rituals.",Purple amethyst and white marble-patterned beads,https://photos.app.goo.gl/Tuo8KaNBfhf9gpcb9,https://ik.imagekit.io/astrology011/Good-luck-charm-bracelets/BRACELET/2.6.jpg?updatedAt=1778739740902,https://ik.imagekit.io/astrology011/Good-luck-charm-bracelets/Gemini_Generated_Image_p8dlw3p8dlw3p8dl.png?updatedAt=1778739442288,https://ik.imagekit.io/astrology011/Good-luck-charm-bracelets/BRACELET/2.5.jpg?updatedAt=1778740582125
Combo,Evil Eye Protection,Evil Eye Protection,Black Obsidian + Hematite + Tiger’s Eye,1000,1450,Evil Eye Protection Crystal Bracelet for A triple shield against the 'Evil Eye' and jealousy | Destini Numbers,"Shop Evil Eye Protection crystal bracelet designed for a triple shield against the 'evil eye' and jealousy. Handcrafted, energetically cleansed and charged before dispatch from Lucknow, India. Ideal for daily wear, meditation and manifestation rituals.",Evil Eye Protection Crystal Bracelet,Powerful Evil Eye Protection bracelet to support a triple shield against the 'evil eye' and jealousy in your daily life.,"This Evil Eye Protection crystal bracelet is crafted with carefully selected beads and elastic for comfortable daily wear. According to Vedic crystal wisdom, this stone is known to support a triple shield against the 'evil eye' and jealousy. when worn consistently on the left hand (receiving hand) or during meditation. Each bracelet is cleansed with incense and intention before shipping so you receive it energetically ready to wear.","Regular use of this Evil Eye Protection bracelet may help you experience subtle shifts in your emotional state, mindset and energy, making it easier to stay aligned with your goals related to a triple shield against the 'evil eye' and jealousy. Pair it with affirmations or journaling for faster manifestation results.",Evil Eye Protection crystal bracelet,"evil eye bracelet, nazar protection, obsidian, Evil Eye Protection crystal bracelet, Evil Eye Protection bracelet india, crystals for a triple shield against the 'evil eye' and jealousy, healing crystal bracelet, vedic crystal remedies",evil-eye-protection-crystal-bracelet,Evil Eye Protection crystal bracelet for a triple shield against the 'evil eye' and jealousy from Destini Numbers,Crystal Bracelets,"Evil Eye Protection, crystal bracelet, healing crystals, manifestation, vedic remedies",Evil Eye Protection Crystal Bracelet for A triple shield against the 'Evil Eye' and jealousy | Destini Numbers,"Shop Evil Eye Protection crystal bracelet designed for a triple shield against the 'evil eye' and jealousy. Handcrafted, energetically cleansed and charged before dispatch from Lucknow, India. Ideal for daily wear, meditation and manifestation rituals.","Jet black, metallic grey, and gold-brown beads",https://photos.app.goo.gl/P49TMcuDnxFKptyR7,https://ik.imagekit.io/astrology011/Good-luck-charm-bracelets/BRACELET/3.3.jpg?updatedAt=1778739740896,https://ik.imagekit.io/astrology011/Good-luck-charm-bracelets/Gemini_Generated_Image_ivhk1xivhk1xivhk.png?updatedAt=1778739442272,https://ik.imagekit.io/astrology011/Good-luck-charm-bracelets/BRACELET/3.4.jpg?updatedAt=1778739740877
Combo,Chakra Balance,Chakra Balance,7 Chakra Stones + Lava Stone,750,1087.5,Chakra Balance Crystal Bracelet for Balances all 7 chakras; Lava stone can be used for essential oils | Destini Numbers,"Shop Chakra Balance crystal bracelet designed for balances all 7 chakras; lava stone can be used for essential oils. Handcrafted, energetically cleansed and charged before dispatch from Lucknow, India. Ideal for daily wear, meditation and manifestation rituals.",Chakra Balance Crystal Bracelet,Powerful Chakra Balance bracelet to support balances all 7 chakras; lava stone can be used for essential oils in your daily life.,"This Chakra Balance crystal bracelet is crafted with carefully selected beads and elastic for comfortable daily wear. According to Vedic crystal wisdom, this stone is known to support balances all 7 chakras; lava stone can be used for essential oils. when worn consistently on the left hand (receiving hand) or during meditation. Each bracelet is cleansed with incense and intention before shipping so you receive it energetically ready to wear.","Regular use of this Chakra Balance bracelet may help you experience subtle shifts in your emotional state, mindset and energy, making it easier to stay aligned with your goals related to balances all 7 chakras; lava stone can be used for essential oils. Pair it with affirmations or journaling for faster manifestation results.",Chakra Balance crystal bracelet,"7 chakra lava bracelet, energy balance, Chakra Balance crystal bracelet, Chakra Balance bracelet india, crystals for balances all 7 chakras; lava stone can be used for essential oils, healing crystal bracelet, vedic crystal remedies",chakra-balance-crystal-bracelet,Chakra Balance crystal bracelet for balances all 7 chakras; lava stone can be used for essential oils from Destini Numbers,Crystal Bracelets,"Chakra Balance, crystal bracelet, healing crystals, manifestation, vedic remedies",Chakra Balance Crystal Bracelet for Balances all 7 chakras; Lava stone can be used for essential oils | Destini Numbers,"Shop Chakra Balance crystal bracelet designed for balances all 7 chakras; lava stone can be used for essential oils. Handcrafted, energetically cleansed and charged before dispatch from Lucknow, India. Ideal for daily wear, meditation and manifestation rituals.",Rainbow beads with porous black lava beads,https://photos.app.goo.gl/o3i6DFY1rWCwhzxL9,https://ik.imagekit.io/astrology011/Good-luck-charm-bracelets/BRACELET/3.6.jpg?updatedAt=1778739740876,https://ik.imagekit.io/astrology011/Good-luck-charm-bracelets/BRACELET/3.5.jpg?updatedAt=1778739740879,https://ik.imagekit.io/astrology011/Good-luck-charm-bracelets/Gemini_Generated_Image_npaqvmnpaqvmnpaq.png?updatedAt=1778739442276
Combo,Communication Boost,Communication Boost,Lapis Lazuli + Amazonite,1060,1537,Communication Boost Crystal Bracelet for Helps in speaking truth and expressing creative ideas | Destini Numbers,"Shop Communication Boost crystal bracelet designed for helps in speaking truth and expressing creative ideas. Handcrafted, energetically cleansed and charged before dispatch from Lucknow, India. Ideal for daily wear, meditation and manifestation rituals.",Communication Boost Crystal Bracelet,Powerful Communication Boost bracelet to support helps in speaking truth and expressing creative ideas in your daily life.,"This Communication Boost crystal bracelet is crafted with carefully selected beads and elastic for comfortable daily wear. According to Vedic crystal wisdom, this stone is known to support helps in speaking truth and expressing creative ideas. when worn consistently on the left hand (receiving hand) or during meditation. Each bracelet is cleansed with incense and intention before shipping so you receive it energetically ready to wear.","Regular use of this Communication Boost bracelet may help you experience subtle shifts in your emotional state, mindset and energy, making it easier to stay aligned with your goals related to helps in speaking truth and expressing creative ideas. Pair it with affirmations or journaling for faster manifestation results.",Communication Boost crystal bracelet,"throat chakra combo, creative speech, Communication Boost crystal bracelet, Communication Boost bracelet india, crystals for helps in speaking truth and expressing creative ideas, healing crystal bracelet, vedic crystal remedies",communication-boost-crystal-bracelet,Communication Boost crystal bracelet for helps in speaking truth and expressing creative ideas from Destini Numbers,Crystal Bracelets,"Communication Boost, crystal bracelet, healing crystals, manifestation, vedic remedies",Communication Boost Crystal Bracelet for Helps in speaking truth and expressing creative ideas | Destini Numbers,"Shop Communication Boost crystal bracelet designed for helps in speaking truth and expressing creative ideas. Handcrafted, energetically cleansed and charged before dispatch from Lucknow, India. Ideal for daily wear, meditation and manifestation rituals.",Deep royal blue mixed with sea-foam green,https://photos.app.goo.gl/LMquG1T2ieh4Xdbx9,https://ik.imagekit.io/astrology011/Good-luck-charm-bracelets/BRACELET/3.8.jpg?updatedAt=1778739740896,https://ik.imagekit.io/astrology011/Good-luck-charm-bracelets/BRACELET/3.7.jpg?updatedAt=1778739740877,https://ik.imagekit.io/astrology011/Good-luck-charm-bracelets/boost.png?updatedAt=1778739442276
Combo,Grounding Energy,Grounding Energy,Smoky Quartz + Hematite,840,1218,Grounding Energy Crystal Bracelet for Removes fear and grounds the wearer to Earth's stability | Destini Numbers,"Shop Grounding Energy crystal bracelet designed for removes fear and grounds the wearer to earth's stability. Handcrafted, energetically cleansed and charged before dispatch from Lucknow, India. Ideal for daily wear, meditation and manifestation rituals.",Grounding Energy Crystal Bracelet,Powerful Grounding Energy bracelet to support removes fear and grounds the wearer to earth's stability in your daily life.,"This Grounding Energy crystal bracelet is crafted with carefully selected beads and elastic for comfortable daily wear. According to Vedic crystal wisdom, this stone is known to support removes fear and grounds the wearer to earth's stability. when worn consistently on the left hand (receiving hand) or during meditation. Each bracelet is cleansed with incense and intention before shipping so you receive it energetically ready to wear.","Regular use of this Grounding Energy bracelet may help you experience subtle shifts in your emotional state, mindset and energy, making it easier to stay aligned with your goals related to removes fear and grounds the wearer to earth's stability. Pair it with affirmations or journaling for faster manifestation results.",Grounding Energy crystal bracelet,"grounding bracelet, smoky quartz hematite, Grounding Energy crystal bracelet, Grounding Energy bracelet india, crystals for removes fear and grounds the wearer to earth's stability, healing crystal bracelet, vedic crystal remedies",grounding-energy-crystal-bracelet,Grounding Energy crystal bracelet for removes fear and grounds the wearer to earth's stability from Destini Numbers,Crystal Bracelets,"Grounding Energy, crystal bracelet, healing crystals, manifestation, vedic remedies",Grounding Energy Crystal Bracelet for Removes fear and grounds the wearer to Earth's stability | Destini Numbers,"Shop Grounding Energy crystal bracelet designed for removes fear and grounds the wearer to earth's stability. Handcrafted, energetically cleansed and charged before dispatch from Lucknow, India. Ideal for daily wear, meditation and manifestation rituals.",Translucent grey-brown and metallic beads,https://photos.app.goo.gl/U1kCikEMMtFiRcvG7,https://ik.imagekit.io/astrology011/Good-luck-charm-bracelets/Grounding%20Energy.png?updatedAt=1778739442274,https://ik.imagekit.io/astrology011/Good-luck-charm-bracelets/BRACELET/3.9.jpg?updatedAt=1778739740904,https://ik.imagekit.io/astrology011/Good-luck-charm-bracelets/BRACELET/4.0.jpg?updatedAt=1778739740898